run_time,train_table,roc_auc,log_loss,baseline_hr_rate,top10_hr_rate,top1_hr_rate,top10_lift,top1_lift,features
2026-02-16 17:44:54,train_table_2024_full_season.parquet,0.6115620156232356,0.3222268516801848,0.10166537567776918,0.17618586640851888,0.28846153846153844,1.732997741206841,2.837362637362637,32
2026-02-16 18:25:35,train_table_2024_full_season.parquet,0.6168718627783081,0.32289672888028015,0.10166537567776918,0.17909002904162633,0.3173076923076923,1.7615636380399207,3.1210989010989008,36
2026-02-16 18:32:59,train_table_2024_full_season.parquet,0.6168718627783081,0.32289672888028015,0.10166537567776918,0.17909002904162633,0.3173076923076923,1.7615636380399207,3.1210989010989008,36
2026-02-16 18:39:49,train_table_2024_full_season.parquet,0.6168718627783081,0.32289672888028015,0.10166537567776918,0.17909002904162633,0.3173076923076923,1.7615636380399207,3.1210989010989008,36
2026-02-16 18:41:16,train_table_2024_full_season.parquet,0.6166704646937455,0.3228719102706438,0.10166537567776918,0.1771539206195547,0.3557692307692308,1.7425197068178675,3.4994139194139193,42
2026-02-16 19:02:16,train_table_2024_full_season.parquet,0.6166704646937455,0.3228719102706438,0.10166537567776918,0.1771539206195547,0.3557692307692308,1.7425197068178675,3.4994139194139193,42
2026-02-16 19:05:02,train_table_2024_full_season.parquet,0.6209655713977764,0.3242772910732634,0.10166537567776918,0.1486784140969163,0.2077922077922078,1.4624292007551918,2.0438837353123067,42
2026-02-16 19:20:04,train_table_2024_full_season.parquet,0.6209655713977764,0.3242772910732634,0.10166537567776918,0.1486784140969163,0.2077922077922078,1.4624292007551918,2.0438837353123067,42
2026-02-16 19:30:20,train_table_2024_full_season.parquet,0.6209655713977764,0.3242772910732634,0.10166537567776918,0.1486784140969163,0.2077922077922078,1.4624292007551918,2.0438837353123067,42
2026-02-18 17:59:16,train_table_2024_full_season.parquet,0.6209655713977764,0.3242772910732634,0.10166537567776918,0.1486784140969163,0.2077922077922078,1.4624292007551918,2.0438837353123067,42
2026-02-19 17:09:49,train_table_2024_full_season.parquet,0.6209655713977764,0.3242772910732634,0.10166537567776918,0.1486784140969163,0.2077922077922078,1.4624292007551918,2.0438837353123067,42
2026-02-19 17:21:53,train_table_2024_full_season.parquet,0.6209655713977764,0.3242772910732634,0.10166537567776918,0.1486784140969163,0.2077922077922078,1.4624292007551918,2.0438837353123067,42
2026-02-19 18:15:19,train_table_2022_2023_2024_combined.parquet,0.6223934288867307,0.3377281677785138,0.10941484253402656,0.18390129259694477,0.20899940793368857,1.6807709844279484,1.9101559084060513,42
2026-02-19 19:17:34,train_table_2022_2023_2024_combined.parquet,0.6264723569568901,0.33567389204183506,0.10941484253402656,0.18014059753954306,0.23484848484848486,1.646400007234135,2.1464042666373175,101
2026-02-19 20:08:45,train_table_2022_2023_2024_combined.parquet,0.6296686057624652,0.3363400116580819,0.10941484253402656,0.20132450331125828,0.2682119205298013,1.840010903901352,2.4513303160527875,108
2026-02-19 20:17:51,train_table_2022_2023_2024_combined.parquet,0.6296686057624652,0.3363400116580819,0.10941484253402656,0.20132450331125828,0.2682119205298013,1.840010903901352,2.4513303160527875,108
2026-02-19 21:06:22,train_table_2022_2023_2024_combined.parquet,0.6290780783661627,0.33590595523783806,0.10941484253402656,0.20198675496688742,0.2814569536423841,1.8460635713483957,2.572383664993666,122
2026-02-20 17:45:55,train_table_2022_2023_2024_combined.parquet,0.6290780783661627,0.33590595523783806,0.10941484253402656,0.20198675496688742,0.2814569536423841,1.8460635713483957,2.572383664993666,122
2026-02-20 20:16:31,train_table_2024_full_season.parquet,0.6230582393275004,0.3233618444338529,0.10127807900852052,0.1507232851143257,0.2215568862275449,1.488212321855407,2.18760948466356,42
2026-02-20 22:59:03,train_table_2021_2025_full.parquet,0.6272290373128377,0.3329162586219855,0.10778809839746861,0.18718105735864463,0.24285714285714285,1.736565169453259,2.2530979437229437,42
2026-03-08 16:08:35,train_table_2021_2025_full.parquet,0.6272290373128377,0.3329162586219855,0.10778809839746861,0.18718105735864463,0.24285714285714285,1.736565169453259,2.2530979437229437,42
2026-03-08 16:10:18,train_table_2021_2025_full.parquet,0.6272290373128377,0.3329162586219855,0.10778809839746861,0.18718105735864463,0.24285714285714285,1.736565169453259,2.2530979437229437,42
2026-03-09 10:06:17,train_table_2021_2025_full.parquet,0.625043334616038,0.33253852221803726,0.33253852221803726,0.10778809839746861,0.1904470300061237,0.26326530612244897,1.766865106979161,2.4424339053803337,42
2026-03-09 10:21:33,train_table_2021_2025_full.parquet,0.6298727825676973,0.3316858461959531,0.10778809839746861,0.19840783833435394,0.2714285714285714,1.8407212046985468,2.51816829004329,88
2026-03-09 10:27:04,train_table_2021_2025_full.parquet,0.6298727825676973,0.3316858461959531,0.10778809839746861,0.19840783833435394,0.2714285714285714,1.8407212046985468,2.51816829004329,88
2026-03-09 10:50:04,train_table_2021_2025_full.parquet,0.6686586116282375,0.3255813080123412,0.10778809839746861,0.2194325372525005,0.32448979591836735,2.0357770525215413,3.0104417903525045,95
2026-03-09 15:58:55,train_table_2021_2025_full.parquet,0.6672072530013555,0.32566573178492825,0.10778809839746861,0.22208614002857727,0.33877551020408164,2.0603957517613365,3.142976963512678,95
2026-03-09 20:51:01,train_table_2021_2025_full.parquet,0.6675515248584691,0.32576350608657423,0.10778809839746861,0.21922841396203308,0.32857142857142857,2.0338833064261723,3.0483089826839826,90
2026-03-09 21:18:53,train_table_2021_2025_full.parquet,0.6672072530013555,0.32566573178492825,0.10778809839746861,0.22208614002857727,0.33877551020408164,2.0603957517613365,3.142976963512678,95
2026-03-10 21:02:47,train_table_2021_2025_full.parquet,calendar,0.667474228609569,0.32576289070656955,0.10790659565751741,0.22285948381810733,0.33537832310838445,2.0652999240698557,3.108042850066691,95
2026-03-11 20:10:05,train_table_2021_2025_full.parquet,calendar,0.667474228609569,0.32576289070656955,0.10790659565751741,0.22285948381810733,0.33537832310838445,2.0652999240698557,3.108042850066691,95
2026-03-17 18:41:43,train_table_2021_2026_full.parquet,pct_80_20_fallback,0.6673681246387491,0.32534388274759013,0.10764044031032942,0.218927701056052,0.33874239350912777,2.03387964992413,3.1469807493589497,95
2026-03-17 20:26:08,train_table_2021_2026_full.parquet,pct_80_20_fallback,0.6685937023610455,0.32502200421580285,0.10764044031032942,0.22116165718927702,0.3184584178498986,2.0546335239029476,2.958538788319492,95
2026-03-19 21:24:23,train_table_2021_2026_full.parquet,pct_80_20_fallback,0.6685937023610455,0.32502200421580285,0.10764044031032942,0.22116165718927702,0.3184584178498986,2.0546335239029476,2.958538788319492,95
2026-03-23 19:07:25,train_table_2021_2026_full.parquet,pct_80_20_fallback,0.6685937023610455,0.32502200421580285,0.10764044031032942,0.22116165718927702,0.3184584178498986,2.0546335239029476,2.958538788319492,95
2026-03-27 21:50:31,train_table_2021_2026_full.parquet,calendar,nan,0.10112081913944249,0.0,0.0,0.0,nan,nan,95,,,
2026-03-27 21:51:49,train_table_2021_2026_full.parquet,calendar,nan,0.10112081913944249,0.0,0.0,0.0,nan,nan,95,,,
2026-03-27 21:54:29,train_table_2021_2026_full.parquet,calendar,nan,0.10112081913944249,0.0,0.0,0.0,nan,nan,95,,,
2026-03-27 22:49:00,train_table_2021_2026_full.parquet,pct_80_20_fallback,0.6676061014791856,0.32512780081388704,0.10764044031032942,0.22116165718927702,0.3225152129817444,2.0546335239029476,2.9962271805273835,116,,,
2026-03-28 03:14:17,train_table_2021_2026_full.parquet,pct_80_20_fallback,0.6676061014791856,0.32512780081388704,0.10764044031032942,0.22116165718927702,0.3225152129817444,2.0546335239029476,2.9962271805273835,116,,,
2026-03-28 03:17:01,train_table_2021_2026_full.parquet,pct_80_20_fallback,0.6676061014791856,0.32512780081388704,0.10764044031032942,0.22116165718927702,0.3225152129817444,2.0546335239029476,2.9962271805273835,116,,,
2026-04-04 10:53:07,train_table_2021_2026_full.parquet,pct_80_20_fallback,0.6676061014791856,0.32512780081388704,0.10764044031032942,0.22116165718927702,0.3225152129817444,2.0546335239029476,2.9962271805273835,116,528,7.905,4.295
2026-04-04 10:59:06,train_table_2021_2026_full.parquet,pct_80_20_fallback,0.6676061014791856,0.32512780081388704,0.10764044031032942,0.22116165718927702,0.3225152129817444,2.0546335239029476,2.9962271805273835,116,528,7.905,4.295
2026-04-04 11:32:51,train_table_2021_2026_full.parquet,pct_80_20_fallback,0.6676061014791856,0.32512780081388704,0.10764044031032942,0.22116165718927702,0.3225152129817444,2.0546335239029476,2.9962271805273835,116,528,7.905,4.295
2026-04-04 11:42:50,train_table_2021_2026_full.parquet,pct_80_20_fallback,0.6676061014791856,0.32512780081388704,0.10764044031032942,0.22116165718927702,0.3225152129817444,2.0546335239029476,2.9962271805273835,116,528,7.905,4.295
2026-04-04 11:49:19,train_table_2021_2026_full.parquet,pct_80_20_fallback,0.6676061014791856,0.32512780081388704,0.10764044031032942,0.22116165718927702,0.3225152129817444,2.0546335239029476,2.9962271805273835,116,528,7.905,4.295
2026-04-04 13:49:22,train_table_2021_2026_full.parquet,pct_80_20_fallback,0.6686844799318422,0.32515797393668944,0.10764044031032942,0.22014622258326563,0.3265720081135903,2.045199944821667,3.033915572735275,184,528,7.905,4.295
2026-04-06 15:31:01,train_table_2021_2026_full.parquet,pct_80_20_fallback,0.6686844799318422,0.32515797393668944,0.10764044031032942,0.22014622258326563,0.3265720081135903,2.045199944821667,3.033915572735275,184,2108,4.907,0.796
2026-04-06 19:41:18,train_table_2021_2026_full.parquet,pct_80_20_fallback,0.6686844799318422,0.32515797393668944,0.10764044031032942,0.22014622258326563,0.3265720081135903,2.045199944821667,3.033915572735275,184,2108,4.907,0.796
2026-04-08 19:16:25,train_table_2021_2026_full.parquet,pct_80_20_fallback,0.6425417698351966,0.32980642758419837,0.10764044031032942,0.2028838342810723,0.2738336713995943,1.8848291004398938,2.543966474032684,183,2600,4.054,1.215
2026-04-12 18:47:21,train_table_2021_2026_full.parquet,pct_80_20_fallback,0.6427550613772237,0.3296493337219887,0.10764044031032942,0.20491470349309504,0.26369168356997974,1.9036962586024555,2.449745493512955,174,2600,4.054,1.215
2026-04-13 20:12:10,train_table_2021_2026_full.parquet,pct_80_20_fallback,0.6427946325740301,0.3296896638373748,0.10764044031032942,0.20735174654752234,0.2738336713995943,1.9263368483975292,2.543966474032684,171,3382,4.629,2.347
2026-04-15 20:10:08,train_table_2021_2026_full.parquet,pct_80_20_fallback,0.6427946325740301,0.3296896638373748,0.10764044031032942,0.20735174654752234,0.2738336713995943,1.9263368483975292,2.543966474032684,171,4116,3.288,1.265
2026-04-15 20:30:17,train_table_2021_2026_full.parquet,pct_80_20_fallback,0.6427946325740301,0.3296896638373748,0.10764044031032942,0.20735174654752234,0.2738336713995943,1.9263368483975292,2.543966474032684,171,4116,3.288,1.265
2026-04-21 21:35:08,train_table_2021_2026_full.parquet,pct_80_20_fallback,0.6389365525350043,0.33026175533197843,0.10764044031032942,0.20268074735987002,0.23935091277890466,1.8829423846236377,2.2236151402656055,162,4116,3.288,1.265
2026-04-26 15:41:11,train_table_2021_2026_full.parquet,pct_80_20_fallback,0.6401283111622982,0.33005135733957985,0.10764044031032942,0.20227457351746547,0.25760649087221094,1.8791689529911255,2.3932129052011173,174,4116,3.288,1.265
2026-04-26 15:43:52,train_table_2021_2026_full.parquet,pct_80_20_fallback,0.6427946325740301,0.3296896638373748,0.10764044031032942,0.20735174654752234,0.2738336713995943,1.9263368483975292,2.543966474032684,171,4116,3.288,1.265
